Market Cap,Price,Volume,Date
124357932.92103656,5.28424438726287,245857265.66415152,2020-09-22
124357932.92103656,5.28424438726287,245857265.66415152,2020-09-23
86335245.96938415,3.491229168216385,97342432.17482528,2020-09-24
112209367.28386834,4.573890580327729,69665168.04927005,2020-09-25
115431881.83108865,4.702973876095848,41950754.98125503,2020-09-26
111216735.78175372,4.524678243432584,21176150.392053947,2020-09-27
114464431.45007946,4.652979768192462,17356907.97055633,2020-09-28
102464370.65740834,4.206658980271183,14748322.291531274,2020-09-29
101476428.14556378,4.138614653765331,12477984.35950614,2020-09-30
106075718.1781186,4.3273324024062845,12785136.09148073,2020-10-01
101765148.94373225,4.155602631208861,17312305.607966352,2020-10-02
95235623.92130172,3.9099099574382943,20480180.81475524,2020-10-03
98705092.3254942,4.028153546757421,8157800.073572848,2020-10-04
97280078.97841498,3.9688527298707648,8341041.062748824,2020-10-05
97598132.46152855,3.983027284959082,5274554.213608636,2020-10-06
86535411.99838454,3.541747372273497,8620566.607562283,2020-10-07
84321271.96959245,3.4413650446594928,10136144.152725177,2020-10-08
95666267.60295922,3.9083820710299406,9112782.415372472,2020-10-09
104353473.9399411,4.243203228389407,8083299.110651138,2020-10-10
98544391.67879473,4.026138967282433,8854861.444740139,2020-10-11
100492812.71403536,4.104038313365283,6653417.800167322,2020-10-12
108582519.711606,4.415432337070556,9407445.188746862,2020-10-13
110080680.83523569,4.483415556165992,9879743.142588776,2020-10-14
101614515.74379374,4.149229943053339,6324588.955505573,2020-10-15
101179434.49459964,4.130905147133307,4178780.246160479,2020-10-16
99262361.22632042,4.048449316015311,6092849.116656564,2020-10-17
102464240.61286058,4.193864385042294,4016426.545291323,2020-10-18
101052321.94285494,4.125095246738391,2393108.0246924674,2020-10-19
99287196.09997629,4.054191127181616,3814046.050018597,2020-10-20
93294082.00219084,3.8084935063375434,6488499.338391293,2020-10-21
96953352.82761252,3.961184523320031,4093830.9432037342,2020-10-22
105613659.25748108,4.3329499671601965,22188059.092310872,2020-10-23
104209761.0585092,4.26258566547734,17864243.589453157,2020-10-24
102615999.01554418,4.189666942085328,15284821.365305046,2020-10-25
101220228.0017595,4.131025010075838,14195022.66987678,2020-10-26
101700425.3400067,4.151182229295094,20491070.63553679,2020-10-27
101200482.43172462,4.132092090719307,15982829.478286523,2020-10-28
99642110.96420506,4.066853657222082,17694239.251827728,2020-10-29
92611506.83782682,3.782075122627534,19176341.03403596,2020-10-30
91254971.87654056,3.723757370409702,25860480.27362753,2020-10-31
89124828.89025648,3.637902514610184,18619900.779043667,2020-11-01
90268828.1074171,3.6877924672575046,15242039.906739367,2020-11-02
88946751.03086248,3.623914349704928,17509659.125208754,2020-11-03
81232558.92827202,3.3207164787496954,21262489.69767414,2020-11-04
77957366.50910236,3.183540906046702,18553138.93832313,2020-11-05
82272104.7950755,3.3619032561675457,24893051.71475946,2020-11-06
88335312.05807617,3.602302501982694,31163485.622371767,2020-11-07
83877177.60827443,3.422974908967325,30270381.1843266,2020-11-08
84538845.75018345,3.450565132660549,24140141.30037517,2020-11-09
83349229.42019878,3.4123283379658065,23732139.34429084,2020-11-10
87088350.82790206,3.5789975686617974,23138653.76916582,2020-11-11
85079479.60119635,3.4938463799540425,22536447.967011515,2020-11-12
83573007.65010884,3.426295916532368,23557869.41802157,2020-11-13
90280893.33736517,3.6887378553935615,25158607.112861387,2020-11-14
85858225.76238146,3.4982859459558204,22017841.4466868,2020-11-15
86917107.65111312,3.545961291931629,20663402.602641556,2020-11-16
90564375.734851,3.701780979347012,24334591.112465862,2020-11-17
94031202.96905072,3.850821185910004,20241159.98645585,2020-11-18
92120855.91840066,3.758716423002044,17514134.353118777,2020-11-19
89170024.12454775,3.639452035320714,18593948.46804531,2020-11-20
90652773.82846752,3.708675367606913,22298819.945408035,2020-11-21
97687305.45423897,4.014871800511429,24540869.80997068,2020-11-22
95458813.10520576,3.8951162009179288,23855867.313789263,2020-11-23
98827918.30780049,4.070758681119089,22559536.52763126,2020-11-24
104232031.27779132,4.257054136764098,28115103.101459112,2020-11-25
97997404.6998645,4.040355334481183,25307273.80642556,2020-11-26
85894760.41318981,3.531787898047006,31985791.29986177,2020-11-27
88177719.16363938,3.60239361115469,21862616.112289805,2020-11-28
89165379.61543828,3.624877983365333,16724931.721035836,2020-11-29
90415731.8530729,3.700930282082298,17252559.560578257,2020-11-30
91011244.23821864,3.675294845817628,20088310.893637203,2020-12-01
87378844.64407429,3.567487254757791,23096407.061286,2020-12-02
92200690.6146808,3.759990960267427,20616561.52465987,2020-12-03
93468840.99869756,3.8179467481668072,20471319.280940827,2020-12-04
86999672.81361604,3.56284745212329,23175098.645947225,2020-12-05
88766817.87850463,3.634295330337526,21372520.89494119,2020-12-06
88049032.73434037,3.5953341401471794,20702638.25029724,2020-12-07
83108661.18952127,3.3816963156921664,17934376.787846044,2020-12-08
77010453.02882059,3.1374667910891123,24361823.538899977,2020-12-09
252385545.07816792,3.2748796137271183,30752642.06041845,2020-12-10
243616900.63525727,3.1586794578043,26557274.24603656,2020-12-11
250576572.1247169,3.2531835970191407,29975734.063240662,2020-12-12
256947331.32839143,3.3401362124739924,22841147.14844668,2020-12-13
256318053.5596465,3.3227025797264877,24791323.898030903,2020-12-14
241461626.67734823,3.136320655695538,26019166.475077584,2020-12-15
253933092.0884222,3.296625986181793,19338279.70522333,2020-12-16
256428206.26885608,3.3415414550250757,22761071.46051741,2020-12-17
246257015.6744128,3.211690680339498,25798514.54449682,2020-12-18
262297801.62879267,3.406337310202563,22876167.235580597,2020-12-19
266058376.66401336,3.4678194034651715,20119942.901379585,2020-12-20
254455780.6031638,3.309575879212005,19262495.123729777,2020-12-21
238990435.5854669,3.113046706720028,26070122.49536164,2020-12-22
238271409.6650733,3.0912137574002343,30313165.86350097,2020-12-23
231269412.8173366,2.988403330278243,54772121.11380685,2020-12-24
238046567.5781525,3.107804372682705,29533715.404195104,2020-12-25
228012504.52357036,2.951741662508668,26081740.45519649,2020-12-26
224768343.1328365,2.927143649230784,22772505.75294801,2020-12-27
224896698.18329275,2.915339321806199,26033390.64777709,2020-12-28
227699109.75690803,2.949404426593608,24292056.30827001,2020-12-29
225312386.26819897,2.9234883703900008,24038968.122458648,2020-12-30
224573485.1174685,2.9140658167284226,18535107.096902963,2020-12-31
234519739.58818716,3.2067767178511386,18856276.37132058,2021-01-01
284123805.91887754,3.66584040349846,73495725.23672332,2021-01-02
269752040.3911291,3.5011306390731107,48334246.71500547,2021-01-03
271319283.79050165,3.460421764701412,36322497.09117792,2021-01-04
271901048.1882951,3.515633280894971,34737433.612629786,2021-01-05
329418903.36190766,4.291884561102384,62195573.93838292,2021-01-06
357949587.62078243,4.622471683302943,69276202.4070896,2021-01-07
342991007.25585955,4.490586485081188,50235962.78867241,2021-01-08
428199152.8732252,5.808799404644824,105632108.25614534,2021-01-09
567823926.2247876,7.265505432305608,175907770.88433945,2021-01-10
509290935.3390616,6.59681401377156,86084757.10777552,2021-01-11
500944759.1810912,6.495361999451825,93812090.78420512,2021-01-12
596739723.2791654,7.752237665310813,139476916.10646027,2021-01-13
652929584.2394081,8.470867268951869,95860390.06816864,2021-01-14
728195727.0258197,9.298271816908075,139055430.9417642,2021-01-15
728299137.5004963,9.356116878609232,121449906.2518078,2021-01-16
1006296045.020786,12.92680115690824,274763200.0357675,2021-01-17
1014138879.3032016,13.125604047616871,261905853.0901365,2021-01-18
980149877.6898432,12.691775399963552,117222286.33734529,2021-01-19
909583574.0609672,11.797484791543022,137602412.53157094,2021-01-20
969325619.7497256,12.57296154053508,146503918.30653948,2021-01-21
884592513.6531386,11.34968688854791,147554195.77785707,2021-01-22
983018614.0952848,12.694700045733684,171113172.7449789,2021-01-23
990131369.1336092,12.868331874504412,126638480.38501766,2021-01-24
958503970.5227852,12.444290007408927,93729229.68267846,2021-01-25
942373983.2135644,12.219640149155907,84412625.9837596,2021-01-26
938407541.5473028,12.205471826555264,109503339.9774128,2021-01-27
860905474.4245652,11.194522039800024,89488626.80873758,2021-01-28
926628225.3224598,11.994562732932318,93916448.02862483,2021-01-29
892930654.0864819,11.587885361155436,118575466.39042868,2021-01-30
919686929.9696254,11.962179984022768,92540873.2918268,2021-01-31
1036012456.4582224,13.469297821352306,302913973.23771626,2021-02-01
1011744189.3323869,13.181408093320432,133015631.97741424,2021-02-02
1045591515.0400656,13.504583184697712,80693604.10141225,2021-02-03
1141560748.586234,14.864357903384407,120741881.4977188,2021-02-04
1173420109.1206522,15.317957387179376,158745931.63233206,2021-02-05
1360075063.9531133,17.935561870427435,176514532.6699587,2021-02-06
1386116087.1680558,17.982307294688297,171329135.2154263,2021-02-07
1787279073.6552732,24.08730542561494,469848044.6890896,2021-02-08
2330220490.5496354,30.52777607414703,753489100.7588732,2021-02-09
2448785318.136536,31.596744300262174,369465170.3933558,2021-02-10
4207984620.425286,55.51484730173893,1864834841.9318247,2021-02-11
3640061001.429288,47.228491541914856,674867688.2516339,2021-02-12
3796814383.572634,48.980940222392405,556615019.0249048,2021-02-13
3402061200.9158163,43.985820465466176,334919631.1013236,2021-02-14
2957869402.927417,38.507308248364666,410244108.797892,2021-02-15
2894940856.7395782,37.959060119691856,488806991.9165682,2021-02-16
2780393790.21098,36.2357357306177,356060812.8780018,2021-02-17
2802672084.3868403,36.82697833286328,391164746.2512645,2021-02-18
3147053843.644912,40.895495750328365,427919398.0179883,2021-02-19
2993431697.838348,38.93652200447798,379801202.91102105,2021-02-20
2756645540.8705006,36.3534365414534,492691484.1206625,2021-02-21
2794834713.8243394,36.22346900068016,304024539.60455525,2021-02-22
2493656100.218958,32.45383191436662,412349660.007682,2021-02-23
2096206453.7364893,27.51617738173916,411495999.6829497,2021-02-24
2281061933.698634,29.74129698885183,427723977.7727849,2021-02-25
2061682046.3814487,26.666341173107742,310387937.22893983,2021-02-26
2002068863.905729,25.99030287205455,247743336.28440088,2021-02-27
2004032045.2309716,26.137626905691228,230477612.7850947,2021-02-28
1842530857.7771137,23.85607145277158,232538774.71807295,2021-03-01
2110163404.193464,27.425455424832325,308775747.5807897,2021-03-02
2094263115.8612683,27.188054746589867,603396123.3439286,2021-03-03
2114222657.4246168,27.38833799879518,363074840.6570829,2021-03-04
1973105952.8766005,25.675490236065123,356310649.106428,2021-03-05
2025433205.0503812,24.441001287889627,245552351.67973703,2021-03-06
2083974561.8366723,24.989470041609493,154754261.22236574,2021-03-07
2217827184.625925,26.56727859029896,273005605.9156461,2021-03-08
2165237250.361357,25.49599582848919,203377042.6601986,2021-03-09
4284718953.7043824,34.27674764223849,1031867627.195846,2021-03-10
3808848278.960339,29.807323508090693,765291610.9159317,2021-03-11
3934864217.65297,30.73680875354817,514178258.4388289,2021-03-12
3606292560.414046,28.117722285861383,379484470.71574575,2021-03-13
3960366190.906277,30.992577497724277,455395660.1728984,2021-03-14
3770070595.034111,29.265335372240838,294252177.97215533,2021-03-15
3728828896.1205,29.069045851009488,321463773.28516346,2021-03-16
4205874671.5854826,33.081252026160215,460165568.08228034,2021-03-17
4195909504.215072,32.82609035078864,475133052.5521619,2021-03-18
4251465498.9323735,33.30822164005943,449721017.5106571,2021-03-19
4841288250.690567,37.83962031914909,675328140.580694,2021-03-20
4421209366.283285,34.44023069216908,388516334.236906,2021-03-21
4211026792.751812,32.92911576581013,371116648.021364,2021-03-22
3795055172.738754,29.510058230793643,373950442.0823653,2021-03-23
3659646314.1554666,28.757556645820877,349232570.8752222,2021-03-24
3345930074.988572,26.053184110042988,338153949.62149525,2021-03-25
3267591871.350262,25.76882821217773,330827514.10394925,2021-03-26
3594381859.958332,28.15734922216305,230776170.8368624,2021-03-27
3550332621.3520665,27.67157136533701,169854417.50014177,2021-03-28
3650238012.090469,28.624516804103145,228476510.1166219,2021-03-29
3804266244.020157,29.600558910849777,219703944.8350976,2021-03-30
3790153625.7350087,29.62185815751755,221563714.6856491,2021-03-31
3667524624.1772633,28.649511340932087,224818137.61054865,2021-04-01
3628818616.841701,28.352805253336,179940714.24838203,2021-04-02
3703609746.4137344,28.92074137135353,177255510.81359163,2021-04-03
3614941150.090654,28.20324272141725,426224466.8292235,2021-04-04
3748901258.8338666,29.25849953413901,203736404.48602337,2021-04-05
3988965459.38444,31.15764993777871,423543959.12471753,2021-04-06
4064413025.497807,31.6387730003081,402859806.2185375,2021-04-07
3822599952.0515046,29.581033707640348,333267898.70347536,2021-04-08
3934463236.1451817,30.76251678412145,209480602.2958724,2021-04-09
4030114768.9579134,31.471558327453188,268529509.857372,2021-04-10
4114354954.070793,32.07559498535796,374040339.45845217,2021-04-11
4045289666.257441,31.480290902554973,205287732.04654288,2021-04-12
4350727543.060595,33.88869894296564,465865354.31176776,2021-04-13
4343560124.996935,33.88377657532517,366725297.1673147,2021-04-14
4961307642.406858,38.516381594175485,938295404.8147668,2021-04-15
4767391064.9070015,37.130825856708775,576835317.7863458,2021-04-16
4550206528.436206,35.2626492641124,423577088.8499272,2021-04-17
4408303670.943454,34.25197323608631,301177193.11705863,2021-04-18
3765597554.614512,29.2792826582362,579381109.8847109,2021-04-19
3412628582.4499083,26.51633343371477,316019091.0459517,2021-04-20
3513993514.4128137,27.221395301681955,323253556.6640463,2021-04-21
3386392910.987539,26.10834090520312,281165176.54416627,2021-04-22
3122553330.869511,24.193198137772097,301041557.7673158,2021-04-23
3020637110.878325,23.536121345140074,363249177.5087026,2021-04-24
2827395699.2906504,21.777279381506077,184145561.6293585,2021-04-25
2762123911.0471134,21.50514444673564,141275581.2659282,2021-04-26
3360216107.391796,26.22744871707413,260578636.2283277,2021-04-27
3552417979.1175704,27.590045746375115,221928172.9493424,2021-04-28
3651668306.55792,28.38057879190039,277058343.56552505,2021-04-29
3618611690.575815,28.011404559210863,253046449.40736303,2021-04-30
4207796400.048865,32.87361571668135,473821081.5676769,2021-05-01
4113040049.6581416,31.83887538844901,517110886.4476864,2021-05-02
4024642460.529015,31.30077874087277,279840964.3043837,2021-05-03
4632809115.471254,36.02053644107485,626327133.7186668,2021-05-04
3946615836.216188,30.47742553383065,417038602.090708,2021-05-05
4561814156.233879,35.35734224274425,266094761.4489015,2021-05-06
4887941649.743038,37.99576748246954,469600110.23071206,2021-05-07
4929607619.567562,38.24824301705053,673472110.85109,2021-05-08
4948723703.463895,38.39548288254306,276293453.1469752,2021-05-09
5007421179.676972,39.06701826894676,287333690.25970376,2021-05-10
4509349122.277823,34.924303068576165,516365754.36653215,2021-05-11
4772825464.801782,37.17524430469056,346412805.8696742,2021-05-12
4552216260.726946,33.4787959998622,627072756.4393809,2021-05-13
4435737241.656202,35.04553260694779,558904348.2719007,2021-05-14
4776624358.453818,37.16658831410479,422257216.836676,2021-05-15
4459775094.314252,34.47587959792063,572957487.1037196,2021-05-16
4645139397.748668,36.180002165317056,595249553.1811095,2021-05-17
4376339185.087632,33.567339487428264,524528860.5692055,2021-05-18
4691253616.568687,36.831548268760855,454537735.8962453,2021-05-19
3147719253.4954915,23.93840575425692,725492322.4154593,2021-05-20
3213828553.9803147,24.951411424044355,439772793.02975297,2021-05-21
2790385622.598601,21.7594847330305,323128249.21680933,2021-05-22
2438234418.090817,18.869815321404797,192281707.47663823,2021-05-23
2041886573.867061,15.88098195110946,324565112.4037476,2021-05-24
2506451157.742522,19.351895194004324,319094870.19067025,2021-05-25
2532493078.0033445,19.497741248016307,230025913.19100344,2021-05-26
2679286494.72359,20.835907241473308,228359717.38723347,2021-05-27
2483878922.287402,19.083272550301103,155195303.00046673,2021-05-28
2186094070.5359745,16.83857943912863,159354633.67136985,2021-05-29
2114758160.381429,16.18824483090784,102432769.49294424,2021-05-30
2145425505.814309,16.50800967730034,79071200.59334275,2021-05-31
2353206153.5757246,18.07312492336038,102016798.0440714,2021-06-01
2324888175.721887,17.819336612889675,95158358.82394268,2021-06-02
2444614509.8610964,18.740486656539,118743410.66092944,2021-06-03
2659208521.907187,20.26487940080013,138838327.91539803,2021-06-04
2388789630.0315022,18.26917419828292,130131982.30481093,2021-06-05
2236462223.7562146,17.145530478676655,106947811.761073,2021-06-06
2268194432.7625027,17.40685571336171,55449625.55530477,2021-06-07
2665865012.952466,15.370267178714087,150139153.4265329,2021-06-08
2562659411.9361844,14.862452395149688,147281949.88847342,2021-06-09
2648519211.9450064,15.360058958912424,128547102.1919657,2021-06-10
2460165965.46623,14.197480798043506,106540918.39861616,2021-06-11
2317772711.1909094,13.4428618589502,94662491.78348278,2021-06-12
2362565807.542536,13.62576969363913,97952798.92975728,2021-06-13
2539431832.8260503,14.806039901754346,115599101.42754155,2021-06-14
2608466642.3346424,15.127537288450217,108610604.31535152,2021-06-15
2559572981.306809,14.821299355540615,101565623.97048505,2021-06-16
2409672158.1831765,14.015935398998028,98010447.83910854,2021-06-17
2553417108.576602,14.864389472484929,127140118.492252,2021-06-18
2352892932.6817546,13.635180104142895,92381824.59044576,2021-06-19
2322198706.428656,13.449009507887489,45214966.56843575,2021-06-20
2408546156.075574,13.97338101662488,67234330.28908692,2021-06-21
1976836813.3346932,11.271998612206469,103211568.60676564,2021-06-22
1812727423.6476133,10.560092708972908,135535139.72419712,2021-06-23
1971198828.3166716,11.443675613313424,87322668.70803922,2021-06-24
1983197983.918392,11.494056109855672,63091040.91376546,2021-06-25
1810397014.0401127,10.494226866109017,61956422.48758391,2021-06-26
1764483968.7883637,10.238252905314312,51578836.58897007,2021-06-27
1891904340.2843816,10.971621681945305,41469424.44344715,2021-06-28
1955042811.3384893,11.358903273797395,54767030.663755454,2021-06-29
2059481956.092384,11.877253393885963,72926426.82906115,2021-06-30
2065555978.968234,11.979536647973951,66998154.47989767,2021-07-01
1945650519.6549048,11.28479352868169,41174708.396974266,2021-07-02
1915792955.545629,11.125866494234922,50295970.81700652,2021-07-03
1969513843.7416449,11.47507214930529,47215646.16632279,2021-07-04
2143873986.9945931,12.427187394505642,73970756.3985549,2021-07-05
2094752711.257948,12.141184862538331,79219510.72721966,2021-07-06
2304880606.273988,13.361750302641695,142034942.51575035,2021-07-07
2259674958.8287807,13.105310477177095,108541638.6805049,2021-07-08
2099648485.1199656,12.177571712542244,82134728.7320182,2021-07-09
2177105607.57075,12.650873054443366,75841045.92790152,2021-07-10
2088233065.3061604,12.11144473908618,40133340.77621422,2021-07-11
2134134075.8275552,12.392155658142572,36054335.6344243,2021-07-12
2107097145.1124463,12.22825978630878,63099782.67341126,2021-07-13
2053153065.91459,11.889011832634148,53572502.5191443,2021-07-14
2035050521.114877,11.801704411936456,53868598.80540524,2021-07-15
1964199273.093541,11.350857497731887,40991543.84128475,2021-07-16
1872923010.4752908,10.88082297238804,49170809.20432831,2021-07-17
1890488894.9721053,10.945625793244448,29938225.16693476,2021-07-18
1866468288.5673828,10.832545124275466,31104251.25469977,2021-07-19
1776502547.303835,10.302068681997676,31205957.58315692,2021-07-20
1664970131.4212422,9.66826820995774,42790167.487961166,2021-07-21
1801373126.7105627,10.48464238349115,50500988.706786565,2021-07-22
1878421767.458873,10.895471024943186,39875725.76668348,2021-07-23
1906725795.423807,11.054283139350204,36373388.14169346,2021-07-24
1923695627.074672,11.1591715535976,43637266.51721008,2021-07-25
1948223732.2044237,11.301627796348354,34991157.84786453,2021-07-26
1975304692.4356225,11.418540260062011,95570786.96902798,2021-07-27
2034718722.6640763,11.829816784330944,56068874.22267475,2021-07-28
2111568834.01999,12.248191676181552,73625406.90745342,2021-07-29
2152536356.183362,12.39078059940034,74291681.80129455,2021-07-30
2244382125.410079,12.944043583453478,73489632.45785159,2021-07-31
2344357341.4212813,13.510960123171188,73531554.05509867,2021-08-01
2223222206.675426,12.824684539797593,97279937.63431114,2021-08-02
2267904332.185805,13.064815097409758,60151366.8009347,2021-08-03
2194102326.6991334,12.63341853141812,69250145.96391109,2021-08-04
2368444093.901032,13.654777952388084,57307038.31955908,2021-08-05
2401545994.333388,13.84156554955157,62445885.35327292,2021-08-06
2567056339.2326107,14.79514260184161,89832056.21316503,2021-08-07
2699013065.6224527,15.67798441730363,111722663.79228994,2021-08-08
2559906526.318755,14.757106583994927,71372208.08684437,2021-08-09
2774101116.074543,16.085947593991744,127524432.62591058,2021-08-10
2851064136.014242,16.46539117633326,113165388.60249642,2021-08-11
2896802705.109121,16.702186810307328,109606878.10990918,2021-08-12
2866706678.369092,16.520832012919215,99341456.65385371,2021-08-13
3143876614.6852536,18.10472307424931,102606598.64183436,2021-08-14
3133561830.3492794,18.021964902404477,98943570.92104936,2021-08-15
3244765385.0644417,18.707650616323345,85919858.88205414,2021-08-16
3409276873.8978577,19.27465551669512,238173752.04309297,2021-08-17
4117121269.7296114,23.6248264345286,708333685.5236129,2021-08-18
5181191513.816563,29.812285526286896,1088055292.838367,2021-08-19
5427535304.525953,30.9742326817734,1166951815.8624976,2021-08-20
6650043309.827912,38.499451282193846,869869763.9610019,2021-08-21
7621880511.7238865,43.95694333470537,1857695492.2130404,2021-08-22
7586408190.473223,43.57301860185422,1091134456.6145673,2021-08-23
8066378937.948402,46.36552119163621,1477827368.340026,2021-08-24
9947666913.270428,55.71923237070009,2104158288.1240711,2021-08-25
8215165694.63562,47.18493391644771,1475815545.3671362,2021-08-26
7408225518.492239,42.32911299383954,1161582825.3054352,2021-08-27
8709312808.408686,49.984485216908205,1572607655.7923892,2021-08-28
8769450337.437536,50.25738745352412,965252080.4599998,2021-08-29
8299402556.96965,47.54387384206907,738226945.0822438,2021-08-30
7217849347.122801,41.289889577440455,807099935.8601552,2021-08-31
6930747543.102466,39.6223015195866,803631238.1253407,2021-09-01
7488956239.904117,42.43596776762659,992127412.0569588,2021-09-02
8208051599.337643,47.530644845840094,883771525.713069,2021-09-03
8054269341.444115,45.80761953236709,1237827428.6580288,2021-09-04
8366989077.629795,47.24709701931378,865449809.518935,2021-09-05
10548149169.868038,48.02183580538264,709042046.2074453,2021-09-06
10389481562.412716,47.21880381931182,1120372843.7106028,2021-09-07
8385808708.773045,38.10167909463535,1450629735.6531146,2021-09-08
8099073660.952508,36.74457132907317,854271381.4043615,2021-09-09
9037986977.697996,40.95332903520038,1286851566.808635,2021-09-10
10664340640.457916,48.43566612732952,2281863152.2853794,2021-09-11
12821967384.440275,58.25203000804039,2453771422.743687,2021-09-12
13231808964.717072,59.69396875371986,2662564855.1258974,2021-09-13
11789711523.225445,53.5180614725866,2456626059.963408,2021-09-14
11280897717.80372,51.40868422448842,1204443523.1145146,2021-09-15
12579264876.9255,57.34253420380464,1098543372.986341,2021-09-16
14817271133.519575,67.45027431787689,2773205453.408514,2021-09-17
15554926815.966244,70.45911610031602,2071174275.2612329,2021-09-18
15030607675.637571,68.48538147965974,1919255860.4752584,2021-09-19
15421192503.771208,70.15668691561712,1742588477.3350644,2021-09-20
12578040919.45685,57.410267048802666,2358181746.6808167,2021-09-21
12727023983.647217,57.90385605809707,2494991964.834182,2021-09-22
16340411165.4924,74.21467139291019,2405525026.0147896,2021-09-23
16820595538.728369,76.35486767740508,2291368275.475945,2021-09-24
16168283372.72099,72.54966713836322,2180885292.8349457,2021-09-25
15187635527.24488,68.82282459762295,996878876.3231668,2021-09-26
14764401439.831331,67.0483383201725,1235523204.6494217,2021-09-27
14743177027.318071,66.53474797893769,1164837458.894235,2021-09-28
13676104903.434572,61.435481612073794,927139588.1510882,2021-09-29
14324823284.54708,65.19460999108864,1296556406.2210202,2021-09-30
14651539302.696323,66.47007244890037,984994428.32164,2021-10-01
14876022399.700403,67.54593178312923,1077107269.7595532,2021-10-02
15252309342.303717,69.48393486173926,1036199927.9040548,2021-10-03
15216109173.08606,68.97132636600621,818103603.5694607,2021-10-04
14383469171.810566,65.25381828400121,892718203.803919,2021-10-05
14299978729.636757,64.7264307228896,760243140.5486125,2021-10-06
13253723153.972183,60.12474045060597,920546801.2039216,2021-10-07
13398972647.350878,61.06384706948713,862127896.2243227,2021-10-08
13299755690.813124,60.26757571509122,776023722.2976528,2021-10-09
13396743295.616713,60.85751768886602,318424321.4981206,2021-10-10
12472147306.853552,56.64180450669833,438618802.40447694,2021-10-11
12117207625.43905,55.37920779741916,576974535.7793095,2021-10-12
11953029331.733408,54.19174688756272,676331252.8608974,2021-10-13
12165006928.489378,55.214194188199855,596717576.3324958,2021-10-14
12371290774.812128,56.1757661043276,516636783.3832301,2021-10-15
12408030697.720098,56.41585061653142,549140651.9149122,2021-10-16
12766836861.531763,57.81292124244016,726802965.36091,2021-10-17
12353993839.620457,56.27603046199562,384762145.5272643,2021-10-18
12190231926.139929,55.48390303130496,298193732.8705844,2021-10-19
12550121559.573084,57.0124282908953,365344331.1019104,2021-10-20
13168643654.780024,59.79610674610143,521653916.7088918,2021-10-21
13500244116.543762,61.39529490649076,782051341.3798083,2021-10-22
14471876889.852655,65.68786282191466,1177969976.9238229,2021-10-23
14502255493.652493,65.77094733117103,647412228.5454504,2021-10-24
14189588600.350027,64.69956251858116,486222248.7581017,2021-10-25
15362424987.78263,69.73520380084048,548267260.1339349,2021-10-26
15231945902.031343,69.02291439686667,917253989.806756,2021-10-27
13638439844.20456,61.70773292151095,938315469.3947822,2021-10-28
14182810435.812037,64.37937556465651,589667245.9443852,2021-10-29
14263317492.29797,64.6318466782779,380891797.1634813,2021-10-30
13716324771.049704,62.26591676367212,335707849.4482871,2021-10-31
14156201089.398258,64.29427912830057,384088099.3169964,2021-11-01
14232109159.50468,64.90581540363962,550190112.3187057,2021-11-02
14909325395.638376,67.68149736872535,428221495.5152083,2021-11-03
16546910490.83531,75.03022286764939,1014395091.231055,2021-11-04
17124642880.86739,79.05393356807336,1146238446.5848775,2021-11-05
16432498024.949331,74.57889026547876,617052844.6023481,2021-11-06
17228237584.40511,78.39911920726178,513939485.391632,2021-11-07
19359272314.11563,88.11973889072134,1358395041.6793003,2021-11-08
20137026255.44229,91.16546397681483,2004704771.9471376,2021-11-09
19650192435.621544,88.58305305570052,800792615.3645178,2021-11-10
18599184304.12656,85.04501745394138,1301955114.1816463,2021-11-11
19382859301.237686,88.11802306604339,653430020.4695531,2021-11-12
18684893067.20198,84.81838305613623,655006947.2285839,2021-11-13
21495929416.360653,97.685999066621,1099173474.0746083,2021-11-14
21047201644.221733,96.02591873268064,1132604956.8495865,2021-11-15
20865448492.249767,94.364173196425,1216611402.3586364,2021-11-16
21904094598.69913,99.4345405714911,1809870292.8006043,2021-11-17
23820649821.92819,108.50173741857604,2296426122.4852767,2021-11-18
21569232517.411934,98.6064628626434,1879479473.070595,2021-11-19
24228145819.15916,111.36965853663304,1483215464.690538,2021-11-20
27785014698.474133,126.06963111588966,2148220654.2552905,2021-11-21
28758882874.843,130.16960749414352,3310625645.963704,2021-11-22
30066351593.5684,134.46974746173134,3060244824.5988865,2021-11-23
27672395803.84879,123.5333485507255,1678257066.8234675,2021-11-24
26006335927.429176,115.96657623790922,1768376662.50082,2021-11-25
26605279700.589077,118.87894084065096,2014060206.379828,2021-11-26
23344685671.64823,104.421962774208,1602006698.5256977,2021-11-27
24929201702.515663,111.98434769302516,1067712221.8816617,2021-11-28
24923084977.028545,110.97352053958473,1302494619.7159152,2021-11-29
26388981039.77272,118.6104058425274,1139190583.1530163,2021-11-30
27230588283.504005,120.88233192704446,1692359874.6702082,2021-12-01
26683321650.21947,119.26942260381824,1293363181.3968153,2021-12-02
24315600968.615097,108.07085658708232,1073147059.5256082,2021-12-03
24177313476.602856,108.3545157133716,1250553379.185763,2021-12-04
22338436181.021378,92.36394266387028,1937571931.598823,2021-12-05
20696494699.892445,85.66709470944734,1127359634.1229846,2021-12-06
22489811470.519764,92.90769120588529,1687348667.784655,2021-12-07
21823162771.808487,89.9156911175943,997182321.1663718,2021-12-08
22562872205.500923,92.98112783667229,677105525.6599268,2021-12-09
21067772570.09674,86.37402881474569,854254384.9994344,2021-12-10
19994958998.62222,81.75407822327689,915438711.1554718,2021-12-11
20896784470.78652,86.08312663484078,732753069.5659871,2021-12-12
21293276823.31495,88.21333569242314,533128334.86962855,2021-12-13
19156344553.08147,78.90032318129515,1067558284.334524,2021-12-14
21192059558.799458,87.24244811383765,982803965.9467802,2021-12-15
24476225101.21547,100.79634347945829,2313502471.7087927,2021-12-16
24123591784.97086,98.6440709417485,1863618136.5827672,2021-12-17
27142146334.367157,111.60091489623272,2409028609.742276,2021-12-18
28154087241.713943,115.69450576009868,1543828507.8958964,2021-12-19
26478881283.10636,108.25379767554458,980557832.7237588,2021-12-20
27882474232.963734,114.28517198404865,1739271955.0093298,2021-12-21
30053463452.80481,123.47273573037523,1554964906.2012937,2021-12-22
28511627051.336063,116.59459070306332,1259783814.23814,2021-12-23
29617844546.20581,121.96832022558324,1226690744.428388,2021-12-24
27967800590.516228,115.09766306375484,994358249.8601888,2021-12-25
28053866214.00539,115.30089651953932,800347079.3187648,2021-12-26
28049258088.50606,115.4503669021016,878605004.2960683,2021-12-27
27782515406.119434,114.02689439817335,897938968.4805635,2021-12-28
26284042907.77505,107.695930902956,1385694264.0315642,2021-12-29
25093309921.49222,103.60154862331127,1057485216.63678,2021-12-30
24667095817.441307,101.5411609623904,961843290.9455284,2021-12-31
26870290075.549736,109.628152824814,1284949876.1474843,2022-01-01
27759632698.08952,114.02114384025094,729756931.8571017,2022-01-02
27631018651.5587,113.23228624603188,726073344.2588211,2022-01-03
26456464798.88434,108.28557609445387,759170312.7669234,2022-01-04
25697775175.187897,103.98916803062998,870797728.0167084,2022-01-05
24044737449.47953,98.22594702793624,1164966360.298808,2022-01-06
23404042346.93024,95.53298443372404,861987666.4147246,2022-01-07
21135819074.46434,86.83172329068684,1082203230.1479845,2022-01-08
20626079980.35316,84.06221177214938,905127606.1225137,2022-01-09
21605329949.54757,89.0602012039715,808404528.9359772,2022-01-10
20617858212.16098,84.44712294932509,1057285447.2015418,2022-01-11
21916125064.43344,89.58628102476806,682963668.5279102,2022-01-12
23428417146.950607,96.02785348897338,908538243.5785204,2022-01-13
22019021975.669598,89.7061015180755,733053265.7440205,2022-01-14
22039413879.223244,90.37756070759043,617027307.3641539,2022-01-15
22849251757.911392,93.43265339078472,481150093.0742437,2022-01-16
22554617352.205124,92.27684496953148,478918891.6117259,2022-01-17
21246442919.9752,86.89130228462591,574515252.3004528,2022-01-18
21061012482.794395,86.04701525076175,492077219.2932648,2022-01-19
20325852120.202187,82.96719960877226,513929559.85847765,2022-01-20
19561084110.463524,79.47966545534564,528582436.5349151,2022-01-21
16135812631.459578,65.92302814515385,1185727532.4319303,2022-01-22
14582365552.129835,59.73922727374735,1387501444.1788173,2022-01-23
15802266008.979528,64.74252028287475,917185256.2088094,2022-01-24
15511054813.039145,63.03144057421583,1091805049.846834,2022-01-25
16677263229.09035,68.14885745000299,938395788.999693,2022-01-26
16327345554.614626,66.1392057637467,1134178090.9227676,2022-01-27
15801360455.294256,64.83742724920603,872727504.8365759,2022-01-28
16458378321.875149,67.2115144061648,629457552.1525306,2022-01-29
17634080205.9726,72.24859174245796,666456963.6922847,2022-01-30
16702670620.82275,68.12597830077597,498620309.4172563,2022-01-31
17153285601.80485,70.07098704816191,666682025.081346,2022-02-01
18018324038.76135,73.49526715004099,805386721.8682183,2022-02-02
16631804054.745716,67.99931407727212,837755498.2193935,2022-02-03
16668547341.424149,68.10978569432784,665952175.4586505,2022-02-04
18749173999.910465,77.44431467666708,923112809.2235308,2022-02-05
18990442856.545864,77.49835136657174,786295264.9180106,2022-02-06
19214427634.1064,78.68841096573442,475873376.3651101,2022-02-07
20480016859.35281,83.42542500941947,859468140.6765712,2022-02-08
21203090311.56749,86.54164966375589,1885896785.9861736,2022-02-09
22128330082.16416,90.21655187774644,928171701.5065773,2022-02-10
22299787850.429005,91.1547048680539,1232878398.48341,2022-02-11
20006597365.82768,81.68718694613128,1007497662.1492882,2022-02-12
19813047767.691463,81.16809113081067,849647460.848177,2022-02-13
19234015689.580048,78.26386646264866,529755145.9971326,2022-02-14
20076170837.62837,81.96691615397846,684448631.4462265,2022-02-15
22898881742.14196,92.80390482189644,970909305.259856,2022-02-16
23575036247.060917,95.4392170602394,1333420687.072834,2022-02-17
21722888537.97914,88.22137798419865,1383010676.7536752,2022-02-18
20666288885.38893,84.08542703442194,957924969.9419198,2022-02-19
20867020371.07152,85.23013900266344,636547008.3074145,2022-02-20
19088069720.957302,77.41401345063362,765815215.2497256,2022-02-21
17240927125.27028,70.01952448270374,1247817729.5230663,2022-02-22
18287622395.737656,74.53198072066766,1024212300.2540458,2022-02-23
18193338945.956024,73.9086267581712,1294350940.2904615,2022-02-24
18830562451.198696,76.61415673133952,2333967745.423187,2022-02-25
19929297536.55785,80.98431323065903,1478105195.4363196,2022-02-26
20037179963.693264,81.63315481487143,1091134381.363367,2022-02-27
18405566797.630634,74.94355130572825,1182335803.249564,2022-02-28
20678374642.598232,84.35136291891277,1381432825.12984,2022-03-01
21366728263.48392,86.8387438261796,1831128371.972589,2022-03-02
20583813351.155582,83.18374727675494,1302568066.0976186,2022-03-03
19488998594.910755,78.8204261743839,1220049359.458512,2022-03-04
20135720441.268,75.76934702978485,1420126801.3780692,2022-03-05
20410960617.496662,76.91685905350708,763499420.9062598,2022-03-06
19298906468.120083,72.56544866386706,716010210.6086961,2022-03-07
19103616815.02364,71.90121422528819,905588652.9841592,2022-03-08
19415435795.16342,72.91840310031066,1072935854.6159312,2022-03-09
20664526832.843094,77.68601254822927,1349934553.223157,2022-03-10
19691912748.751568,74.0372859223744,952703727.2442708,2022-03-11
19041553664.37577,71.19753938241577,1167140208.8914454,2022-03-12
18903706416.681538,70.9730814670207,465679025.9340313,2022-03-13
18103520231.04125,68.1293468767722,486634276.5361773,2022-03-14
18218747473.44232,68.72931682791237,999390314.2554866,2022-03-15
18668753893.53421,69.86069079043209,786640492.6313237,2022-03-16
19550754192.467888,74.09989084863368,915621225.4831038,2022-03-17
21290596551.760868,79.69740209659133,1363739727.978561,2022-03-18
22954938132.50101,85.9769995308867,1402596714.7191718,2022-03-19
23994800348.194565,89.7789238550164,1351350651.285445,2022-03-20
22691615767.40565,84.83859791861929,1028609342.7501998,2022-03-21
23124499054.986755,86.54510826543354,1501322464.0349138,2022-03-22
22478694682.862797,84.08753239701927,1318049831.20307,2022-03-23
22946360407.46925,86.01083064214492,1042780757.5433184,2022-03-24
23390699477.972237,87.45969275809134,1118884240.8874075,2022-03-25
22377088634.591534,83.65295450305895,1003935169.2375884,2022-03-26
23022140760.74357,86.05962422715535,564325205.6338288,2022-03-27
23754196857.046597,89.54067092463066,645747699.6517264,2022-03-28
24280414595.552246,89.45931618959997,1552735076.911306,2022-03-29
24697648960.772915,92.7450675215324,1402031175.3276286,2022-03-30
25725736661.11448,96.03856721446344,1562475923.3481617,2022-03-31
25580015320.66437,95.70641184340114,1952352331.1073663,2022-04-01
25821773129.929146,96.69185175690043,1508156835.0120423,2022-04-02
25877773103.08157,96.2666507708467,1401882400.4857926,2022-04-03
26083107433.03609,97.59860833356178,1221707937.077418,2022-04-04
25498906585.249557,95.48411623016165,1095688964.4181812,2022-04-05
24474793968.178223,91.09254723289224,1033422920.3627862,2022-04-06
22360667453.77731,82.88620887033565,1603898087.2935352,2022-04-07
23646501242.849197,87.9556001242691,1357968821.355999,2022-04-08
22280026673.844437,83.7158295168013,1355731990.6838064,2022-04-09
22669362469.854675,84.5988854460848,537450234.9200071,2022-04-10
22161940663.489,82.08921919603439,437286248.5319061,2022-04-11
19929328820.19623,74.09278496530659,1102297837.662061,2022-04-12
20530719241.858547,76.52667001891224,825829559.8692002,2022-04-13
21449100511.949654,80.04523727101727,688732079.4317803,2022-04-14
20625953033.83972,76.85183582029906,639443799.4655795,2022-04-15
20754903817.548958,77.41784866621684,551282644.5113503,2022-04-16
20939818655.39133,77.98882366271391,282062330.7631237,2022-04-17
20207139932.557625,75.72613822533336,285789423.33771616,2022-04-18
20842054603.89379,77.7603107678984,699073896.1443837,2022-04-19
21500236116.144287,80.29005996330052,582094629.9024663,2022-04-20
21007972338.742275,78.3048460868706,621927351.0089328,2022-04-21
20136695081.348328,75.11001926660569,562030846.3868393,2022-04-22
19937884646.72319,74.21340586679122,488778040.3497721,2022-04-23
19619108454.43837,72.93665863010982,316116700.0523586,2022-04-24
19302471369.681866,71.60192696970599,299844059.86093324,2022-04-25
19557292373.49993,72.80715448320267,725809031.3234105,2022-04-26
18423510355.211277,68.60858880919736,522399669.7686946,2022-04-27
18744134632.88824,69.81844929678432,444000606.54554754,2022-04-28
18040114058.09253,67.23148451937278,553167470.142475,2022-04-29
17080501261.866665,63.51258201027555,520507446.86020607,2022-04-30
15281707941.736277,57.14129526138718,699701092.587549,2022-05-01
15815585462.180506,58.90822144177142,799512249.1314733,2022-05-02
16224636109.265863,60.42219155163724,816271660.353689,2022-05-03
16040297489.488989,59.65085247119416,505684989.0612961,2022-05-04
18020225158.17573,67.08574750291743,741251231.3272085,2022-05-05
15886375175.476255,59.16745440890086,1284291793.5017416,2022-05-06
15352458723.264534,57.052117694903394,812141169.8272474,2022-05-07
14911809170.674936,55.22212730615947,576625036.802368,2022-05-08
13841845521.862112,51.37029489409138,826146627.4514339,2022-05-09
11467821751.451424,42.29912539310415,1245942341.286455,2022-05-10
11914973095.512396,44.44359769287889,1318939783.1473713,2022-05-11
8460079828.071808,30.905388789126334,2123400516.7211783,2022-05-12
8226313819.370246,30.418492954552143,1476984066.177557,2022-05-13
8603893978.377983,32.08904175544813,1108260256.7889106,2022-05-14
9150641460.94138,34.00090967957494,640417925.4584092,2022-05-15
9793084734.695568,36.42635106021344,676678663.4387542,2022-05-16
8782139431.368914,32.59792703964918,786321651.6623595,2022-05-17
9293581029.333263,34.52224117418203,609688863.460187,2022-05-18
8010833953.906172,29.540600912429856,544355426.8784127,2022-05-19
8192254197.629122,30.481869087117808,754702768.0709441,2022-05-20
7807272839.168211,28.984559165871044,760795969.8067799,2022-05-21
8085455271.987723,29.991178724482342,422559698.0619503,2022-05-22
8601568203.672403,31.839105738611583,629851104.6279871,2022-05-23
7819159441.620555,29.04343304305203,708860740.7498279,2022-05-24
7836436509.317152,28.96969028636885,726299045.6781827,2022-05-25
7400321288.295898,27.22219816282344,559000632.9247844,2022-05-26
6422316418.406943,23.594655327479263,962455462.276696,2022-05-27
6070137742.195055,22.43282416091506,935196913.7240422,2022-05-28
6803542270.561149,24.888556335911904,702986784.9937675,2022-05-29
7078288722.608749,26.06716692068503,640234292.097007,2022-05-30
7508370593.009355,27.638595072665453,946910891.6845784,2022-05-31
7208555806.548465,26.584636010574343,863192887.8785532,2022-06-01
6506933108.804678,23.815431880006667,678777663.2286721,2022-06-02
6934634023.357401,24.66754989255323,638041990.5767033,2022-06-03
6438959869.430577,22.970797168652684,455974976.9613519,2022-06-04
6883334169.42346,24.57940586593163,365374379.6850853,2022-06-05
6811077765.10525,24.167959286957178,397882799.2291755,2022-06-06
7287882122.005945,25.94347689960417,781021909.089013,2022-06-07
6970805482.493681,24.747032869712,762128651.0278362,2022-06-08
6900731890.730301,24.504974257350757,488489426.3908978,2022-06-09
6848117619.652157,24.39330250101481,408699369.1175696,2022-06-10
6222585938.580299,22.124893835256515,454331312.1573504,2022-06-11
5572534968.155439,19.79512709605475,456468544.4381118,2022-06-12
4968584616.317056,17.57408470512002,730638186.5285761,2022-06-13
4412824577.303826,16.02818753951939,1285279274.378257,2022-06-14
4653698278.10358,16.553839568090634,794860953.3031156,2022-06-15
5076381198.011629,18.178176904996477,912041613.4029176,2022-06-16
4425021660.638996,15.744342203630785,590273009.3320316,2022-06-17
4528710128.88586,16.046664431647343,364753064.5220653,2022-06-18
4175620900.761785,14.89748243428906,482514626.5046207,2022-06-19
4561590990.010283,16.23227855745757,487378615.09408456,2022-06-20
4832366807.150154,17.165201281395408,574541765.7621444,2022-06-21
4739251149.501478,16.868800464344478,463321188.28021735,2022-06-22
4546159657.245696,16.122560991309637,386722959.4534199,2022-06-23
5160150868.767315,18.29371291808374,545536508.0435743,2022-06-24
5847997816.759386,20.667054566206573,696781349.4632783,2022-06-25
5992233606.99749,21.35267325083208,491400822.3261376,2022-06-26
5597997948.243785,19.81520009021221,379486037.203249,2022-06-27
5470613713.266538,19.3444450723413,413628694.4085466,2022-06-28
5113177708.735186,18.121793946953645,453605091.94888526,2022-06-29
4967701616.959388,17.57450833209834,471535800.3828603,2022-06-30
4704499344.059579,16.82365591209281,463523771.0795942,2022-07-01
4618747884.472763,16.227030305230866,525374965.6030808,2022-07-02
4628616200.503319,16.354451563284275,226864014.2945521,2022-07-03
4703087570.094852,16.671169910221646,234619023.22250265,2022-07-04
5078009683.589236,17.96299443917698,454031045.7053326,2022-07-05
5108605714.111268,18.050348300662662,561372802.9761641,2022-07-06
5417417463.089292,19.160111855323336,614009284.2671815,2022-07-07
5751205415.084269,20.275157236760748,611464904.6268454,2022-07-08
5684576776.578392,20.03237742289465,563304439.7929013,2022-07-09
5642504336.980618,19.921286577171067,276054631.3561885,2022-07-10
5426262386.617064,19.152348663983854,269629000.0533773,2022-07-11
4944935948.666025,17.374121015827555,308793120.1734905,2022-07-12
4851672513.652909,16.95068738814058,371796527.7584034,2022-07-13
5346246147.378275,18.83054917931376,703762293.5526686,2022-07-14
5605854626.933003,19.76893869840782,742637128.1832066,2022-07-15
5496705051.218617,19.37521484780832,545375219.8375155,2022-07-16
6041229825.967929,21.24450661606995,565940094.0443001,2022-07-17
5881451124.459204,20.6754755223974,498233336.1134496,2022-07-18
6759004103.8678,23.9583657427879,948073827.3425164,2022-07-19
6996816231.176332,24.703210618113257,1187776238.2185404,2022-07-20
6768338849.279568,23.722582492283543,1025885871.011424,2022-07-21
7124088488.133638,25.059064243301197,735232204.9309803,2022-07-22
6709880792.365269,23.69983679628257,584266376.8289907,2022-07-23
6724784285.905108,23.71186830705785,415892731.3034912,2022-07-24
6816915761.906359,23.97379394763964,403970272.7438523,2022-07-25
6056208965.375308,21.0714098156388,583630829.5622501,2022-07-26
5851340764.970379,20.6400774515915,316979808.5454973,2022-07-27
6632447521.377487,23.437344307935465,692294672.7431823,2022-07-28
6865793328.586535,24.24978943791172,912581678.6079963,2022-07-29
7072906488.54534,24.66994641119293,777337978.8720769,2022-07-30
6892000844.31958,24.24245704193404,639136725.4361678,2022-07-31
6769063615.736436,23.76502734374019,452514990.7511891,2022-08-01
6700928282.945081,23.58820978493365,490945827.6833111,2022-08-02
6586833847.289571,23.075795248789586,570652198.6000469,2022-08-03
6559594146.081984,23.131726687770414,551176572.0150048,2022-08-04
6657994269.351441,23.461812071583108,422303990.91801,2022-08-05
7070687077.063728,24.91819614952569,525795189.9433014,2022-08-06
7571156369.650065,26.72578360231699,650087346.6076016,2022-08-07
7936286806.451178,27.90085703483555,804681586.101218,2022-08-08
7974127884.919136,28.00438062229233,953356419.9986856,2022-08-09
7823851060.115796,27.511626454296422,702086372.8142803,2022-08-10
8275866191.633992,29.12562302418689,891514508.7610285,2022-08-11
8135041253.658877,28.56631196621201,718992380.0523747,2022-08-12
8359137949.1646385,29.385924280560225,431371942.2343031,2022-08-13
8300133859.073398,29.143483149646794,408069176.8787255,2022-08-14
8042826297.033743,28.225165877883885,347635820.2755172,2022-08-15
7904215936.2905245,27.878861458097365,439043751.8684387,2022-08-16
7763571236.742562,27.25116364726154,365922640.6116418,2022-08-17
7283665568.830951,25.53001019077372,426061889.3310658,2022-08-18
6932923663.008156,24.29901185731302,317388044.81052905,2022-08-19
6421004803.2693,22.535468027128204,639401542.8928515,2022-08-20
6331474156.141907,22.27653220490593,437765428.4862376,2022-08-21
6580655826.423256,23.063912750133177,330941210.3443605,2022-08-22
6414941474.891309,22.578586946210244,479782392.0222829,2022-08-23
6718039692.225762,23.56915784130081,426565608.0724907,2022-08-24
6561248638.738084,23.037001095776237,307991781.6216049,2022-08-25
6585353998.737029,23.073552041097056,270827288.6344872,2022-08-26
5847246009.729087,20.62468377710467,415680010.4343049,2022-08-27
5749207481.066454,20.159518992672822,278803543.1496108,2022-08-28
5261790721.020153,18.50213881721995,311288063.8368916,2022-08-29
5542192220.393582,19.39437338977039,523604236.7642736,2022-08-30
5552239521.442457,19.346256694654905,520162231.9624505,2022-08-31
5622851605.675999,19.10326584705861,347264486.5860822,2022-09-01
5684477948.8884535,19.33518341962788,258760696.02151632,2022-09-02
5548380262.414947,18.84118493901736,238552776.01262727,2022-09-03
5555445963.543313,18.87459885869279,138416682.6460545,2022-09-04
5596962510.603319,19.012911295769733,146818676.39796236,2022-09-05
5642232064.962178,19.37640263762838,184173053.4812068,2022-09-06
5385107338.703122,18.24995076103216,414068765.65565646,2022-09-07
5624214358.751143,19.0215071850802,279198608.9781768,2022-09-08
5646686843.331168,19.12641733384427,247901528.24362892,2022-09-09
6010227939.258221,20.337786247024408,345582291.6922746,2022-09-10
6072981479.80872,20.520579634835364,315129243.40864456,2022-09-11
6088678141.428216,20.59617712963203,290314556.00003064,2022-09-12
6294701399.910242,21.324711808246494,656207899.1223853,2022-09-13
5591520884.473786,18.90465943148506,555844789.2901565,2022-09-14
5645652382.153832,19.16095708631396,338628547.1059982,2022-09-15
5387976779.888762,18.197504127902665,369102169.3008817,2022-09-16
5338902517.868321,18.037866550246196,280168296.243047,2022-09-17
5460658972.684314,18.475086187502026,174717790.1840553,2022-09-18
4969156595.109048,16.772423267575206,319620171.6444016,2022-09-19
5128126603.379806,17.331398331989927,250555877.7466516,2022-09-20
4932167219.93796,16.6592285006815,213873554.3024987,2022-09-21
4903381064.412029,16.620101575272272,340372009.28394234,2022-09-22
5228726541.539872,17.72119179072971,241451889.95042604,2022-09-23
5331293400.979275,17.978922513072167,258558393.1978641,2022-09-24
5217162468.361474,17.632842626344456,143664792.01719,2022-09-25
5128051851.556717,17.319773979356622,116559876.79249232,2022-09-26
5162522045.155828,17.52015527156936,185780594.99439463,2022-09-27
5124694420.108583,17.319413981593442,294813208.1843506,2022-09-28
5117069972.600616,17.300891224033617,237998087.1119915,2022-09-29
5129624505.513472,17.349429643188028,178584632.4693805,2022-09-30
5096140744.727143,17.20194529291745,223400291.01166508,2022-10-01
5027498343.396645,16.97200474320262,114547216.40031116,2022-10-02
4920590407.467317,16.55833784302162,145440568.34511703,2022-10-03
5105360296.989269,17.17642561379372,176270052.60767108,2022-10-04
5163743356.55613,17.445843239343876,159964549.92031148,2022-10-05
5133040884.592073,17.347756371261344,159374815.3429362,2022-10-06
5048105400.876881,17.04761207683205,164985484.8918142,2022-10-07
4977936656.757804,16.825183361911396,156833323.33305773,2022-10-08
4970263236.783918,16.783780510615948,81643431.29891983,2022-10-09
4995293527.867108,16.900264862786443,80703198.94074182,2022-10-10
4814324834.115859,16.242777788636243,146933327.48354113,2022-10-11
4718935609.594896,15.946915689171078,183261739.18142232,2022-10-12
4728714085.16282,15.948162812989985,109226315.7904929,2022-10-13
4641098221.221644,15.669414655014496,322317859.6081873,2022-10-14
4638088681.56679,15.698930798144705,188508250.97484177,2022-10-15
4579441413.581862,15.441611088445994,103206247.66383716,2022-10-16
4669888753.273473,15.759450130370473,117501844.2146138,2022-10-17
4808057084.344471,16.213638984847766,148869262.68844616,2022-10-18
4709898211.497148,15.896121189130325,174532915.46328136,2022-10-19
4489125546.211865,15.10759908997374,219986241.07817847,2022-10-20
4496118067.237981,15.162827642291122,234128836.44266304,2022-10-21
4651315496.029367,15.692097870616864,242243157.2557525,2022-10-22
4652566948.932101,15.681633150196966,128845118.82723652,2022-10-23
4847145745.981251,16.296898284591776,203496313.77126876,2022-10-24
4673816695.5948925,15.73381726367368,161568199.20444596,2022-10-25
4961385737.273298,16.669265984157168,277057658.8457239,2022-10-26
5063097782.122887,17.02048404327999,336671014.60802114,2022-10-27
5052552433.499687,16.940761941044297,366572075.7883126,2022-10-28
5464104467.174119,18.33357156100367,448320103.384078,2022-10-29
5451680456.4507885,18.2969267148701,330856397.5818271,2022-10-30
5433061278.21818,18.24882328230915,288620929.7407291,2022-10-31
5775047507.582578,19.29760813539129,521910364.7813,2022-11-01
5576527567.809237,18.663794505763523,435506756.9456223,2022-11-02
5389406082.974267,17.90528290561858,514339997.3881611,2022-11-03
5383566475.845248,18.033312013525997,360858295.78022784,2022-11-04
5785089764.719382,19.373669308512905,516343577.797103,2022-11-05
5868715762.104095,19.59628838281898,525767128.6759523,2022-11-06
5480004094.638582,18.30051379459872,341327948.20071745,2022-11-07
5396277877.8395405,18.046113377348124,425943497.8126711,2022-11-08
4821158416.373545,15.991241348281338,832763930.4785045,2022-11-09
3846470073.119189,12.829795780959564,624316829.684165,2022-11-10
4611235657.355337,15.409547393627228,466991586.630844,2022-11-11
4213157749.171768,14.115011903105945,333214112.7976555,2022-11-12
3915534521.714201,13.056068460041304,144001528.36872908,2022-11-13
3901225967.1767926,13.046276911362344,170011827.14116755,2022-11-14
3946553149.873206,13.118735895251165,247395188.9328397,2022-11-15
4061843929.237354,13.49637547364594,168716845.6483662,2022-11-16
3930951050.7309217,13.102799104901845,144570818.87142062,2022-11-17
3882866793.103469,12.89871909794256,162416845.9014563,2022-11-18
3901035233.54059,12.995872221171483,145712422.2549847,2022-11-19
3877111510.472306,12.894131410560664,105019745.47080092,2022-11-20
3676970229.5592937,12.228527754261226,138640309.87491956,2022-11-21
3564562687.408116,11.857641971530049,174796854.0648045,2022-11-22
3710219742.682822,12.301529525837193,178302669.23374423,2022-11-23
3911685160.847937,13.012899217058935,204340038.60486707,2022-11-24
3892404410.002853,12.944684047712023,159402624.9304203,2022-11-25
3867065558.052864,12.840907462381788,116824550.66332522,2022-11-26
3835523452.739615,12.755611863053437,134910412.96274906,2022-11-27
3886002019.3739862,12.898115785689612,108981322.35855035,2022-11-28
3745540306.616457,12.465970957374044,172986886.0536468,2022-11-29
3874445887.453054,12.48691773194146,168716801.01858103,2022-11-30
4085966651.761735,13.194818705583302,169403886.40044153,2022-12-01
3995896417.6079264,12.885298827044094,154646776.16690326,2022-12-02
4213884191.370634,13.627053091873089,192551134.86915243,2022-12-03
4182200124.363754,13.462321365298704,196091265.44758737,2022-12-04
4323744493.473274,13.94513771720273,152178623.03257418,2022-12-05
4225243184.006728,13.610338803087512,183478024.37533844,2022-12-06
4235257679.3988247,13.66611135427207,120898655.24438274,2022-12-07
4126658073.549725,13.277326945373922,131643735.9936876,2022-12-08
4163588078.258775,13.407864274945192,118836604.58789212,2022-12-09
4187011560.464385,13.479159269128258,114488804.52899924,2022-12-10
4183892219.70977,13.475481942571498,88955821.18684797,2022-12-11
4029904722.9868727,12.97760496317501,97633658.88248602,2022-12-12
4037880871.360164,12.988917020010527,132581889.33884886,2022-12-13
4268452915.2260046,13.73588449791822,296179639.4872972,2022-12-14
4266387768.348901,13.73898258889534,210764002.58434469,2022-12-15
4090349798.789669,13.136209060619342,146947782.19956928,2022-12-16
3670903537.959535,11.822196047920688,174165879.1498499,2022-12-17
3721813436.055252,11.972959529330833,112516834.3513321,2022-12-18
3721420775.122207,11.919694184365383,74269989.59870736,2022-12-19
3546824607.8769617,11.373129364215773,132000581.93665826,2022-12-20
3726307944.598447,11.973443294619408,133579919.078933,2022-12-21
3634758186.9919033,11.691667566892972,92903402.24103317,2022-12-22
3683192416.3838544,11.851021209966024,90799000.6418826,2022-12-23
3664402004.5776544,11.790231659850456,91479536.53760596,2022-12-24
3638240221.2652254,11.687733236338056,47658674.84870259,2022-12-25
3636230952.5544,11.68846545243489,88287161.53716661,2022-12-26
3648145324.6569967,11.699717502149086,99615727.11470342,2022-12-27
3627297800.710344,11.647523601195244,109734141.95095988,2022-12-28
3489305478.995729,11.197757658318322,115264805.62564678,2022-12-29
3424420442.398918,10.98932021883577,109623480.7481134,2022-12-30
3389683622.2303305,10.870447325340336,124016277.55450116,2022-12-31
3391585733.120893,10.88963361941692,82784272.16585313,2023-01-01
3382540324.733008,10.862361279595005,96189344.64984266,2023-01-02
3476073022.8173547,11.153299074006371,125576880.9802125,2023-01-03
3545486017.8749785,11.385008261253798,151836124.75950503,2023-01-04
3765128419.319546,12.082606200302076,197921996.09778705,2023-01-05
3659678356.951164,11.74568496014289,137452287.0730853,2023-01-06
3668307155.294156,11.784937001692173,131492897.04236192,2023-01-07
3655453427.999022,11.74720607400496,98911144.7365114,2023-01-08
3746863365.504102,12.026260444541691,121413520.8246683,2023-01-09
3808286229.895507,12.211384121023688,265696244.52023745,2023-01-10
3966033558.653266,12.729321160649132,218860677.257918,2023-01-11
4974436072.034175,15.92176476995798,847875709.0144932,2023-01-12
4803970850.679898,15.415597415850824,815723336.1327412,2023-01-13
4970302679.39047,15.953889852104112,627559332.8619415,2023-01-14
5299944903.101496,17.003317606116955,1151506776.335918,2023-01-15
5223605334.729731,16.770235425063305,562834734.7190589,2023-01-16
5209996555.933686,16.7378601813918,456910036.54334,2023-01-17
5332165066.185405,17.155077874482156,557498710.4252546,2023-01-18
4926943558.136978,15.820540897837352,458948827.2376975,2023-01-19
5094714191.640909,16.202449974789992,279132568.8951501,2023-01-20
5502958563.030089,17.515338456352886,376654129.56711286,2023-01-21
5313512775.3304615,16.89195623249759,454676279.4633334,2023-01-22
5464554616.861907,17.386182691226722,513539507.4599049,2023-01-23
5669227518.330983,18.05475625280128,429873081.1548395,2023-01-24
5346951834.189,16.999768570821203,462055051.4020905,2023-01-25
5605193457.193687,17.844860737884833,379815279.6904674,2023-01-26
5715965534.964968,18.112112249870727,471466283.87814,2023-01-27
6777191091.448918,21.42886713268113,727151960.5907713,2023-01-28
6478003325.771747,20.56093228938241,666534749.4665389,2023-01-29
6631340907.713534,21.11906025752084,447331040.7367727,2023-01-30
6200969690.936059,19.740195335322973,706354036.4393945,2023-01-31
6242904985.964764,19.861474360016956,411327605.76843417,2023-02-01
6583907814.2986965,20.97086923036958,626010002.870374,2023-02-02
6698431190.6067,21.2272590021901,883123005.5921111,2023-02-03
6735616188.506873,21.37304283267965,470961187.3108347,2023-02-04
6640847874.475571,21.03662549223646,272119468.15251654,2023-02-05
6346720801.606512,20.118153553504253,363771172.8606701,2023-02-06
6172268492.042657,19.62010633292644,223677535.4626522,2023-02-07
6583374862.59913,20.890103460527587,321533310.8116084,2023-02-08
6332233559.820704,20.10008417813964,263277828.3972493,2023-02-09
5625803516.652185,17.862495989569513,386847735.7918981,2023-02-10
5616344029.949454,17.80715104198146,231240951.40469468,2023-02-11
5683542363.894083,18.04544548540047,137058769.01617476,2023-02-12
5593532523.2351465,17.7285265000472,278240658.67249376,2023-02-13
5556547102.24275,17.634395459258055,239007064.7303942,2023-02-14
5728373612.014671,18.17250375813213,242454605.7083901,2023-02-15
6245581165.072944,19.8827374878035,271716406.1123076,2023-02-16
5888014528.274008,18.681103963714712,356447588.1769097,2023-02-17
6149757520.816559,19.52678498268642,238127583.55693775,2023-02-18
6178739135.0717535,19.598935622644504,261651157.41191077,2023-02-19
6273470718.9988,19.80707266632469,286403310.9593916,2023-02-20
6559040318.778994,20.78875149248678,498847262.8579535,2023-02-21
6583479415.038193,20.90594997298044,519766653.0088823,2023-02-22
6396173987.057156,20.274320600174576,641835791.2932897,2023-02-23
6199327027.588856,19.71178034355813,308759881.2158828,2023-02-24
5799083424.945272,18.37229478392857,310022693.4308449,2023-02-25
5658735820.148483,17.95741312737325,274540249.54339695,2023-02-26
5815472890.177786,18.44517665140621,187620544.2974946,2023-02-27
5826157301.381841,17.928759777797442,227445927.98728505,2023-02-28
5543410198.844217,17.094967895935238,190847324.9638522,2023-03-01
5772348982.614464,17.752497514197977,168512421.96062082,2023-03-02
5666370260.797583,17.442936584403224,147653120.23366714,2023-03-03
5411446128.963162,16.671128194513695,205783181.26972196,2023-03-04
5237042551.905167,16.12060911859773,125758633.23541796,2023-03-05
5248714089.575642,16.17545263197118,108799609.78604476,2023-03-06
5374138519.9634905,16.528799793284286,162886026.79794386,2023-03-07
5247063440.195613,16.179456603617595,172090163.2328221,2023-03-08
4935666267.201198,15.146387071441142,174958559.76002973,2023-03-09
4674025588.406789,14.42683580448201,232654607.5850847,2023-03-10
4838739800.026855,14.850077530009516,310191552.3994516,2023-03-11
4713942218.297858,14.532665737595847,243614846.66751528,2023-03-12
5290302234.400796,16.297275060423264,265505049.23180467,2023-03-13
5366193858.7563095,16.469670989258912,331844465.6139489,2023-03-14
5602264711.153725,17.197147125527692,442149177.7924705,2023-03-15
5087388105.908977,15.626340057767733,347876941.9604115,2023-03-16
5201316242.41837,15.940366009159968,222870081.91725937,2023-03-17
5734295433.403276,17.69042605889859,288663273.1992566,2023-03-18
5548520421.7143,17.034991398916972,311327281.68002784,2023-03-19
5790737282.306985,17.69473399134752,251173800.8115495,2023-03-20
5459326940.72807,16.76025181347806,280132625.14075047,2023-03-21
5704475679.628567,17.545359920864016,193739055.5657549,2023-03-22
5484004165.63493,16.86163804792299,322382292.27386296,2023-03-23
5738113291.786334,17.635636920794763,233876583.47625652,2023-03-24
5576588339.998139,17.091416138407865,196858597.0959528,2023-03-25
5524173954.607827,16.970315766928998,196745408.32532004,2023-03-26
5598403623.482062,17.143737755578783,153740279.24191564,2023-03-27
5381674482.648215,16.550455657632742,182710084.20740765,2023-03-28
5459176310.140416,16.752124887337796,189079624.2786136,2023-03-29
5637486299.473306,17.31347437870938,213256389.94994143,2023-03-30
5618941328.441232,17.246451988231854,237278413.19497943,2023-03-31
5774920283.868628,17.7208100741346,219235413.58991665,2023-04-01
5800058806.9967165,17.791512522443888,138456550.1373662,2023-04-02
5632715156.467496,17.29654734345742,140737668.45972374,2023-04-03
5586018882.514759,17.107911419419352,211281143.4628408,2023-04-04
5751564430.187333,17.648504068146153,167360525.5580899,2023-04-05
5876578953.029212,17.998827053299046,258959271.01135063,2023-04-06
5877206035.368627,18.004222269030997,210732629.595548,2023-04-07
5749930250.083195,17.630578310853853,159360606.04491785,2023-04-08
5697772471.02408,17.474480951510742,119926164.95702508,2023-04-09
5731763824.563465,17.56797556109862,128865651.07419764,2023-04-10
5850863344.28153,17.935609670221233,152560325.914175,2023-04-11
5927631443.310035,18.17151556827052,208447947.99546644,2023-04-12
5962950110.11922,18.260254172110564,326973466.9702478,2023-04-13
6146233512.808295,18.860004673862736,289632215.60610795,2023-04-14
6285487838.329628,19.25911312098672,283787303.9214674,2023-04-15
6235653173.531929,19.10176086565366,217413976.02735892,2023-04-16
6588366471.491529,20.216706867358585,335417879.71991163,2023-04-17
6693551147.095714,20.52651020727771,581579377.1840807,2023-04-18
6925099959.076755,21.212804948810145,364206950.9945653,2023-04-19
6192002677.187234,18.94763754801823,436292723.4762349,2023-04-20
5981847185.850544,18.317660231710946,317155123.52901524,2023-04-21
5534822190.253348,16.9485270129361,333334822.49204046,2023-04-22
5641597872.843928,17.264053723501284,149133164.60398942,2023-04-23
5504683045.174706,16.880255150656595,142242556.73946142,2023-04-24
5532364680.477793,16.936320158963312,169331955.83229196,2023-04-25
5773911480.596378,17.658059636599344,223582072.0450925,2023-04-26
5615758010.473229,17.16601372515585,319009279.19582087,2023-04-27
5792252785.931264,17.730408398398225,219845420.29480773,2023-04-28
5749011410.081307,17.562968323100147,134576131.16875994,2023-04-29
5729638209.996334,17.466930628578538,103122632.68143116,2023-04-30
5652314785.68788,17.204306921502482,125171231.5840302,2023-05-01
5475575239.172986,16.67019143615944,150202606.46774128,2023-05-02
5542064029.957348,16.857812002685325,118952695.79982533,2023-05-03
5668624900.858235,17.208894417259778,180750582.8355792,2023-05-04
5582158988.035033,16.92211432485042,119027279.5259413,2023-05-05
5740989224.991894,17.383761741567255,198487167.1661116,2023-05-06
5486449650.743662,16.63156150081212,155577198.7385677,2023-05-07
5451856528.386921,16.491125022441114,102184611.03581797,2023-05-08
5096828006.822806,15.42298587620517,271824525.6985789,2023-05-09
5075546178.645794,15.319198346386749,131939228.49536145,2023-05-10
5156623878.201665,15.557381540383508,242240396.13275057,2023-05-11
4967737842.29063,14.981793694660062,150411023.57755458,2023-05-12
5047703145.775777,15.19805790526486,170491535.95635164,2023-05-13
4977585096.46533,14.93717101604428,78209552.9056362,2023-05-14
4996415824.732142,15.0164888356189,86314934.93480189,2023-05-15
5036630418.263512,15.110057488061647,145604947.99497232,2023-05-16
4964300365.957165,14.90027704961622,127852283.8327944,2023-05-17
5053116258.921073,15.162435348721903,145268128.94350633,2023-05-18
4910909771.880522,14.698467372931706,139973014.15674165,2023-05-19
4902751674.710029,14.682230868556754,104484168.85066552,2023-05-20
4882458336.727203,14.616965553087333,72698898.59926729,2023-05-21
4789356564.494583,14.322345338838469,92694932.51330294,2023-05-22
4912464411.898167,14.679118586626313,139240466.20862186,2023-05-23
4921768178.250375,14.7143898500571,119317403.40199524,2023-05-24
4738319887.297074,14.150876615660197,139794326.80171573,2023-05-25
4713170725.730185,14.08835498323685,148294326.22510943,2023-05-26
4811485960.692467,14.381638238666378,139888824.9518988,2023-05-27
4864313898.133068,14.534478739377017,125298433.95478706,2023-05-28
5003360496.249675,14.94047234258693,171471206.166873,2023-05-29
4980747217.5704775,14.482552161905009,148421645.8216047,2023-05-30
4972482428.92516,14.442544612052256,146583743.1146586,2023-05-31
4860250902.17328,14.133600323313791,137282509.67889684,2023-06-01
4859646748.623305,14.11631901802124,129330095.40873438,2023-06-02
4985513547.675787,14.488062308247116,141007008.20480797,2023-06-03
5019769310.236901,14.58080505136822,97177953.06830144,2023-06-04
5094410093.588603,14.80706644613431,120604291.5678924,2023-06-05
4789687308.760806,13.906856331054,253788203.92589,2023-06-06
5036545773.689383,14.632893078531817,192344598.94203123,2023-06-07
4839839257.907465,14.030547397648162,176316101.92507872,2023-06-08
4805231005.835515,13.933305173798416,126133022.51397708,2023-06-09
4736537347.931395,13.75151769019344,146213361.00223148,2023-06-10
4028149323.874179,11.688051900402847,477280644.1294772,2023-06-11
3983501179.654166,11.564757958750052,138824985.48571283,2023-06-12
3975783658.6943865,11.531427617904114,147928006.99900627,2023-06-13
4058166887.629985,11.76897345093806,158777168.10972983,2023-06-14
3922746565.016417,11.369694920725353,159005357.93011114,2023-06-15
3930683862.3477,11.395589396750884,160511824.89177084,2023-06-16
3981060669.818995,11.533506674640858,109629537.88239172,2023-06-17
4006845321.2677264,11.606043939674366,101809060.1424505,2023-06-18
3913846803.984199,11.332781561960172,113048209.5697164,2023-06-19
3946509436.6598496,11.439460517557322,86839040.28437851,2023-06-20
4168895368.244301,12.096991561043769,116110032.00667264,2023-06-21
4466466546.610378,12.931008773938975,188004000.85204905,2023-06-22
4376407007.784794,12.671686090608144,167806035.93977284,2023-06-23
4575680031.533834,13.268480737892002,167314375.47221896,2023-06-24
4490694476.4673815,13.018612447320848,110912510.21722811,2023-06-25
4636241023.528109,13.431952874596254,128147408.77186656,2023-06-26
4527092186.007157,13.146802772656798,155559405.54099947,2023-06-27
4553342809.56627,13.205378846371476,109824856.66566455,2023-06-28
4261965982.722472,12.341270359560069,142260061.78345394,2023-06-29
4381790414.510922,12.683884296888582,129033008.8574998,2023-06-30
4493191261.159981,13.018978929737086,240974179.7353323,2023-07-01
4482673066.742268,12.99142364950765,111042039.40825547,2023-07-02
4526665222.804141,13.088179744076031,135290784.55742833,2023-07-03
4565728787.994427,13.212909698997557,166728066.37007418,2023-07-04
4517972387.972847,13.032961148230354,138839120.20724428,2023-07-05
4385200096.429283,12.672387928757542,133677037.0170249,2023-07-06
4311633763.172724,12.40830198864817,146956999.1298949,2023-07-07
4402888148.881672,12.735629726745035,110574601.64130062,2023-07-08
4713980708.6019,13.65483159895106,249719905.13275844,2023-07-09
4699662575.833299,13.596404507987195,188894805.7234408,2023-07-10
4624874661.049588,13.382813002826142,179283922.75339672,2023-07-11
4585305841.354374,13.257633725568384,154462412.04199168,2023-07-12
4511378569.151524,13.037880668461767,130174595.91393071,2023-07-13
4859088015.830401,14.073462407373563,297281558.63076574,2023-07-14
5046915685.957171,14.621205544885267,586133398.9271395,2023-07-15
5127762032.8918085,14.827655656753654,199732268.6640704,2023-07-16
4929188993.228937,14.296980069800462,149147914.99712673,2023-07-17
4985308735.835179,14.430244745235264,166214769.2144816,2023-07-18
4760780741.343175,13.785500365558027,138193180.8586196,2023-07-19
4845254741.095836,14.003988901794392,131926947.67481914,2023-07-20
4794387335.358755,13.846493472609415,160755200.8988627,2023-07-21
4836183567.084007,13.98657852561557,111976935.85369337,2023-07-22
4656534268.842639,13.46028547938817,100960479.5952513,2023-07-23
4690921563.367759,13.554559671033363,100432782.09652388,2023-07-24
4531494064.465242,13.112016761047128,153306136.6741065,2023-07-25
4614462772.705778,13.342365606007418,149472137.8699346,2023-07-26
4586385707.781537,13.263778571739907,137555520.3364679,2023-07-27
4546341797.535078,13.1389646127358,100352726.43544656,2023-07-28
4580343566.10842,13.236289290884924,84052763.87497517,2023-07-29
4585437220.454196,13.247479439250714,57472999.93853205,2023-07-30
4545954890.252018,13.132356266447376,101571262.07249232,2023-07-31
4441640924.830936,12.829237220587416,118490824.16129476,2023-08-01
4440065446.186725,12.842485476036092,135854211.1389249,2023-08-02
4337505960.41395,12.524649884472629,124962663.92730246,2023-08-03
4312737532.887226,12.443486481087684,125244542.2468092,2023-08-04
4290258247.5679545,12.398415248883946,104923214.6692953,2023-08-05
4302444532.257491,12.433396826913022,84025895.13610195,2023-08-06
4349096747.927648,12.56093085411536,98533348.12946172,2023-08-07
4309369283.773358,12.445470493943915,124573482.45854926,2023-08-08
4394913690.025425,12.691960381362472,135268637.199366,2023-08-09
4345030823.997885,12.63378573661651,110323185.6337956,2023-08-10
4287909784.56477,12.472676174473657,105976426.19462636,2023-08-11
4276791638.606062,12.440172800951997,88761400.35620981,2023-08-12
4258059596.105909,12.385306435910197,72673457.57148623,2023-08-13
4213157574.6192927,12.259066028503913,91976829.73224925,2023-08-14
4247381664.186667,12.352482232466068,106021861.54938142,2023-08-15
4060500083.2735295,11.803636671901172,124519709.14737327,2023-08-16
3908852149.7942457,11.371465141595994,131178042.20285036,2023-08-17
3629803752.63548,10.542331442002643,164360664.03448588,2023-08-18
3711123538.3181634,10.800818492635498,129486764.6367491,2023-08-19
3716589780.775365,10.807374415144444,95092425.03560778,2023-08-20
3741010931.3043313,10.863581211268253,77935726.53006418,2023-08-21
3566579498.853759,10.360422591446522,121438709.65969218,2023-08-22
3483918210.271244,10.124645758987835,137725599.42739752,2023-08-23
